-- MySQL dump 10.13  Distrib 8.0.27, for Win64 (x86_64)
--
-- Host: ec2-44-202-197-206.compute-1.amazonaws.com    Database: fw4oki_arka-rental
-- ------------------------------------------------------
-- Server version	8.0.29-0ubuntu0.20.04.3

/*!40101 SET @OLD_CHARACTER_SET_CLIENT=@@CHARACTER_SET_CLIENT */;
/*!40101 SET @OLD_CHARACTER_SET_RESULTS=@@CHARACTER_SET_RESULTS */;
/*!40101 SET @OLD_COLLATION_CONNECTION=@@COLLATION_CONNECTION */;
/*!50503 SET NAMES utf8 */;
/*!40103 SET @OLD_TIME_ZONE=@@TIME_ZONE */;
/*!40103 SET TIME_ZONE='+00:00' */;
/*!40014 SET @OLD_UNIQUE_CHECKS=@@UNIQUE_CHECKS, UNIQUE_CHECKS=0 */;
/*!40014 SET @OLD_FOREIGN_KEY_CHECKS=@@FOREIGN_KEY_CHECKS, FOREIGN_KEY_CHECKS=0 */;
/*!40101 SET @OLD_SQL_MODE=@@SQL_MODE, SQL_MODE='NO_AUTO_VALUE_ON_ZERO' */;
/*!40111 SET @OLD_SQL_NOTES=@@SQL_NOTES, SQL_NOTES=0 */;

--
-- Table structure for table `blacklist_token`
--

DROP TABLE IF EXISTS `blacklist_token`;
/*!40101 SET @saved_cs_client     = @@character_set_client */;
/*!50503 SET character_set_client = utf8mb4 */;
CREATE TABLE `blacklist_token` (
  `id` int NOT NULL AUTO_INCREMENT,
  `token` varchar(500) DEFAULT NULL,
  `user_id` int DEFAULT NULL,
  PRIMARY KEY (`id`),
  KEY `user_id_idx` (`user_id`),
  CONSTRAINT `user_id` FOREIGN KEY (`user_id`) REFERENCES `users` (`id`) ON DELETE RESTRICT ON UPDATE RESTRICT
) ENGINE=InnoDB AUTO_INCREMENT=137 DEFAULT CHARSET=utf8mb4 COLLATE=utf8mb4_0900_ai_ci;
/*!40101 SET character_set_client = @saved_cs_client */;

--
-- Dumping data for table `blacklist_token`
--

LOCK TABLES `blacklist_token` WRITE;
/*!40000 ALTER TABLE `blacklist_token` DISABLE KEYS */;
INSERT INTO `blacklist_token` VALUES (1,'eyJhbGciOiJIUzI1NiIsInR5cCI6IkpXVCJ9.eyJpZCI6MzMsIm5hbWUiOiJSZW4iLCJlbWFpbF9hZGRyZXNzIjoicmVubmFtZUBub25hbWUuY29tIiwicm9sZSI6MSwiaWF0IjoxNjQ3MDIzODM5LCJleHAiOjE2NDcwNTk4MzksImlzcyI6IldFQjQifQ.yqkXvU__oBJMxEDrS2-h7Bm5vn08f_FHpRgz_lSed6c',NULL),(2,'eyJhbGciOiJIUzI1NiIsInR5cCI6IkpXVCJ9.eyJpZCI6NTMsIm5hbWUiOiJsb2tpIiwiZW1haWxfYWRkcmVzcyI6ImxAbi5jbyIsInJvbGUiOm51bGwsImlhdCI6MTY0NzAyNTkzNSwiZXhwIjoxNjQ3MDYxOTM1LCJpc3MiOiJXRUI0In0.fN9vF2wriEOfBa58KHaBMLvDJmNHaAILGSMXpHPEtO8',NULL),(3,'eyJhbGciOiJIUzI1NiIsInR5cCI6IkpXVCJ9.eyJpZCI6NTMsIm5hbWUiOiJsb2tpIiwiZW1haWxfYWRkcmVzcyI6ImxAbi5jbyIsInJvbGUiOm51bGwsImlhdCI6MTY0NzAyNTkzNSwiZXhwIjoxNjQ3MDYxOTM1LCJpc3MiOiJXRUI0In0.fN9vF2wriEOfBa58KHaBMLvDJmNHaAILGSMXpHPEtO8',NULL),(4,'eyJhbGciOiJIUzI1NiIsInR5cCI6IkpXVCJ9.eyJpZCI6NTMsIm5hbWUiOiJsb2tpIiwiZW1haWxfYWRkcmVzcyI6ImxAbi5jbyIsInJvbGUiOm51bGwsImlhdCI6MTY0NzAyNTkzNSwiZXhwIjoxNjQ3MDYxOTM1LCJpc3MiOiJXRUI0In0.fN9vF2wriEOfBa58KHaBMLvDJmNHaAILGSMXpHPEtO8',NULL),(5,'eyJhbGciOiJIUzI1NiIsInR5cCI6IkpXVCJ9.eyJpZCI6NTMsIm5hbWUiOiJsb2tpIiwiZW1haWxfYWRkcmVzcyI6ImxAbi5jbyIsInJvbGUiOm51bGwsImlhdCI6MTY0NzAyNTkzNSwiZXhwIjoxNjQ3MDYxOTM1LCJpc3MiOiJXRUI0In0.fN9vF2wriEOfBa58KHaBMLvDJmNHaAILGSMXpHPEtO8',NULL),(6,'eyJhbGciOiJIUzI1NiIsInR5cCI6IkpXVCJ9.eyJpZCI6NTMsIm5hbWUiOiJsb2tpIiwiZW1haWxfYWRkcmVzcyI6ImxAbi5jbyIsInJvbGUiOm51bGwsImlhdCI6MTY0NzAyNjY1OCwiZXhwIjoxNjQ3MDYyNjU4LCJpc3MiOiJXRUI0In0.5muyybF6y8hutfhOh-xPkneQyySwKhwq6w-x73mp9QU',NULL),(7,'eyJhbGciOiJIUzI1NiIsInR5cCI6IkpXVCJ9.eyJpZCI6NTMsIm5hbWUiOiJsb2tpIiwiZW1haWxfYWRkcmVzcyI6ImxAbi5jbyIsInJvbGUiOm51bGwsImlhdCI6MTY0NzA3NjA2NywiZXhwIjoxNjQ3MTEyMDY3LCJpc3MiOiJXRUI0In0.J2mQ5PuFLi_yug2WDjoxko0iuKCWJegtu3Fi9CPsCg4',NULL),(8,'eyJhbGciOiJIUzI1NiIsInR5cCI6IkpXVCJ9.eyJpZCI6NTMsIm5hbWUiOiJsb2tpIiwiZW1haWxfYWRkcmVzcyI6ImxAbi5jbyIsInJvbGUiOm51bGwsImlhdCI6MTY0NzA3NjA2NywiZXhwIjoxNjQ3MTEyMDY3LCJpc3MiOiJXRUI0In0.J2mQ5PuFLi_yug2WDjoxko0iuKCWJegtu3Fi9CPsCg4',NULL),(9,'eyJhbGciOiJIUzI1NiIsInR5cCI6IkpXVCJ9.eyJpZCI6NTMsIm5hbWUiOiJsb2tpIiwiZW1haWxfYWRkcmVzcyI6ImxAbi5jbyIsInJvbGUiOm51bGwsImlhdCI6MTY0NzA3NjgxNywiZXhwIjoxNjQ3MTEyODE3LCJpc3MiOiJXRUI0In0.irLhPRVeFsXCDJhkxNIYLPabhQniJoc8ORw8bVp4Iiw',NULL),(10,'eyJhbGciOiJIUzI1NiIsInR5cCI6IkpXVCJ9.eyJpZCI6NTMsIm5hbWUiOiJsb2tpIiwiZW1haWxfYWRkcmVzcyI6ImxAbi5jbyIsInJvbGUiOm51bGwsImlhdCI6MTY0NzA3NjgxNywiZXhwIjoxNjQ3MTEyODE3LCJpc3MiOiJXRUI0In0.irLhPRVeFsXCDJhkxNIYLPabhQniJoc8ORw8bVp4Iiw',NULL),(11,'eyJhbGciOiJIUzI1NiIsInR5cCI6IkpXVCJ9.eyJpZCI6MzMsIm5hbWUiOiJSZW4iLCJlbWFpbF9hZGRyZXNzIjoicmVubmFtZUBub25hbWUuY29tIiwicm9sZSI6MSwiaWF0IjoxNjQ3MjMxNTk3LCJleHAiOjE2NDcyNjc1OTcsImlzcyI6IldFQjQifQ.QKF6E3ZLvRv26mqXdKE7tFuC3v0ZCFRP7IrpD528nSg',NULL),(12,'eyJhbGciOiJIUzI1NiIsInR5cCI6IkpXVCJ9.eyJpZCI6MzMsIm5hbWUiOiJvb29vb29vbyIsImVtYWlsX2FkZHJlc3MiOiJyZW5uYW1lQG5vbmFtZS5jb20iLCJyb2xlIjoxLCJpYXQiOjE2NDcyNzE4MDEsImV4cCI6MTY0NzMwNzgwMSwiaXNzIjoiV0VCNCJ9.1DAtUC8bjAzV8skbQhmdf6qZlY9TWXwojeTPsHa9S_c',NULL),(13,'eyJhbGciOiJIUzI1NiIsInR5cCI6IkpXVCJ9.eyJpZCI6NTMsIm5hbWUiOiJsb2tpIiwiZW1haWxfYWRkcmVzcyI6ImxAbi5jbyIsInJvbGUiOm51bGwsImlhdCI6MTY0NzI4MTUwNSwiZXhwIjoxNjQ3MzE3NTA1LCJpc3MiOiJXRUI0In0.Xmzn4VCvj-FMy3ZlAJX_mkyCqhRRbadhQ3EKYZQ_oOo',NULL),(14,'eyJhbGciOiJIUzI1NiIsInR5cCI6IkpXVCJ9.eyJpZCI6NTMsIm5hbWUiOiJsb2tpIiwiZW1haWxfYWRkcmVzcyI6ImxAbi5jbyIsInJvbGUiOm51bGwsImlhdCI6MTY0NzI4MTUwNSwiZXhwIjoxNjQ3MzE3NTA1LCJpc3MiOiJXRUI0In0.Xmzn4VCvj-FMy3ZlAJX_mkyCqhRRbadhQ3EKYZQ_oOo',NULL),(15,'eyJhbGciOiJIUzI1NiIsInR5cCI6IkpXVCJ9.eyJpZCI6MzMsIm5hbWUiOiJvd25lciIsImVtYWlsX2FkZHJlc3MiOiJvd25lckBvd25lci5jb20iLCJyb2xlIjoxLCJpYXQiOjE2NDczMDU3MzUsImV4cCI6MTY0NzM0MTczNSwiaXNzIjoiV0VCNCJ9.2LWOtkAtMZ_hAyOnh3wDvIthDmA4PPFoxtCcfooj9iw',NULL),(16,'eyJhbGciOiJIUzI1NiIsInR5cCI6IkpXVCJ9.eyJpZCI6MzMsIm5hbWUiOiJvd25lciIsImVtYWlsX2FkZHJlc3MiOiJvd25lckBvd25lci5jb20iLCJyb2xlIjoxLCJpYXQiOjE2NDczMDU3MzUsImV4cCI6MTY0NzM0MTczNSwiaXNzIjoiV0VCNCJ9.2LWOtkAtMZ_hAyOnh3wDvIthDmA4PPFoxtCcfooj9iw',NULL),(17,'eyJhbGciOiJIUzI1NiIsInR5cCI6IkpXVCJ9.eyJpZCI6NTMsIm5hbWUiOiJsb2tpIiwiZW1haWxfYWRkcmVzcyI6ImxAbi5jbyIsInJvbGUiOm51bGwsImlhdCI6MTY0NzMxMTQ2OCwiZXhwIjoxNjQ3MzQ3NDY4LCJpc3MiOiJXRUI0In0.Ps52TWA4yIFTtVXzt6Jpn41dxLIlMQevuxXzT_IB524',NULL),(18,'eyJhbGciOiJIUzI1NiIsInR5cCI6IkpXVCJ9.eyJpZCI6NTMsIm5hbWUiOiJsb2tpIiwiZW1haWxfYWRkcmVzcyI6ImxAbi5jbyIsInJvbGUiOm51bGwsImlhdCI6MTY0NzMxMTQ2OCwiZXhwIjoxNjQ3MzQ3NDY4LCJpc3MiOiJXRUI0In0.Ps52TWA4yIFTtVXzt6Jpn41dxLIlMQevuxXzT_IB524',NULL),(19,'eyJhbGciOiJIUzI1NiIsInR5cCI6IkpXVCJ9.eyJpZCI6NTMsIm5hbWUiOiJsb2tpIiwiZW1haWxfYWRkcmVzcyI6ImxAbi5jbyIsInJvbGUiOm51bGwsImlhdCI6MTY0NzMyNzE5NiwiZXhwIjoxNjQ3MzYzMTk2LCJpc3MiOiJXRUI0In0.PhOIhToWjb2Eokn79Te3--x9_kuhSXstJcwWxqVq188',NULL),(20,'eyJhbGciOiJIUzI1NiIsInR5cCI6IkpXVCJ9.eyJpZCI6MzMsIm5hbWUiOiJvd25lciIsImVtYWlsX2FkZHJlc3MiOiJvd25lckBvd25lci5jb20iLCJyb2xlIjoxLCJpYXQiOjE2NDczMjgwNDAsImV4cCI6MTY0NzM2NDA0MCwiaXNzIjoiV0VCNCJ9.elmuHEBPlj0U0E7dff_LQkhW32qxq-XOdvuD1qo_mlM',NULL),(21,'eyJhbGciOiJIUzI1NiIsInR5cCI6IkpXVCJ9.eyJpZCI6MzMsIm5hbWUiOiJvd25lciIsImVtYWlsX2FkZHJlc3MiOiJvd25lckBvd25lci5jb20iLCJyb2xlIjoxLCJpYXQiOjE2NDczMjgwNDAsImV4cCI6MTY0NzM2NDA0MCwiaXNzIjoiV0VCNCJ9.elmuHEBPlj0U0E7dff_LQkhW32qxq-XOdvuD1qo_mlM',NULL),(22,'eyJhbGciOiJIUzI1NiIsInR5cCI6IkpXVCJ9.eyJpZCI6NjksIm5hbWUiOiJBIiwiZW1haWxfYWRkcmVzcyI6IkFAbWFpbC5jb20iLCJyb2xlIjpudWxsLCJpYXQiOjE2NDczMjk3NjksImV4cCI6MTY0NzM2NTc2OSwiaXNzIjoiV0VCNCJ9.34ITCEFteiYj-i0kqfcdlcwr1vfj2F3yD7TTo6_70Ks',NULL),(23,'eyJhbGciOiJIUzI1NiIsInR5cCI6IkpXVCJ9.eyJpZCI6NzEsIm5hbWUiOiJBZ3VzIiwiZW1haWxfYWRkcmVzcyI6IkFndXNAZ21haWwuY29tIiwicm9sZSI6bnVsbCwiaWF0IjoxNjQ3MzMxNjI1LCJleHAiOjE2NDczNjc2MjUsImlzcyI6IldFQjQifQ.kokOhiTjc0nLfEEgtbokrH-Vnz-IKfpv8aEOK9GNUKM',NULL),(24,'eyJhbGciOiJIUzI1NiIsInR5cCI6IkpXVCJ9.eyJpZCI6NzEsIm5hbWUiOiJBZ3VzIiwiZW1haWxfYWRkcmVzcyI6IkFndXNAZ21haWwuY29tIiwicm9sZSI6bnVsbCwiaWF0IjoxNjQ3MzMxNjI1LCJleHAiOjE2NDczNjc2MjUsImlzcyI6IldFQjQifQ.kokOhiTjc0nLfEEgtbokrH-Vnz-IKfpv8aEOK9GNUKM',NULL),(25,'eyJhbGciOiJIUzI1NiIsInR5cCI6IkpXVCJ9.eyJpZCI6NTMsIm5hbWUiOiJsb2tpIiwiZW1haWxfYWRkcmVzcyI6ImxAbi5jbyIsInJvbGUiOm51bGwsImlhdCI6MTY0NzMzMTI2MiwiZXhwIjoxNjQ3MzY3MjYyLCJpc3MiOiJXRUI0In0.ObcVSUHK5FamxmbVBFqY4WLdwnc03l16pU4J-uCHkj8',NULL),(26,'eyJhbGciOiJIUzI1NiIsInR5cCI6IkpXVCJ9.eyJpZCI6NTMsIm5hbWUiOiJsb2tpIiwiZW1haWxfYWRkcmVzcyI6ImxAbi5jbyIsInJvbGUiOm51bGwsImlhdCI6MTY0NzMzMTI2MiwiZXhwIjoxNjQ3MzY3MjYyLCJpc3MiOiJXRUI0In0.ObcVSUHK5FamxmbVBFqY4WLdwnc03l16pU4J-uCHkj8',NULL),(27,'eyJhbGciOiJIUzI1NiIsInR5cCI6IkpXVCJ9.eyJpZCI6NzIsIm5hbWUiOiJzYW50byIsImVtYWlsX2FkZHJlc3MiOiJzYW50b0BnbWFpbC5jb20iLCJyb2xlIjpudWxsLCJpYXQiOjE2NDczMzE3OTMsImV4cCI6MTY0NzM2Nzc5MywiaXNzIjoiV0VCNCJ9.qaKwsT9iewjRhELz9Jg-CGiANZclMs_Fiw6H9Ujfkr8',NULL),(28,'eyJhbGciOiJIUzI1NiIsInR5cCI6IkpXVCJ9.eyJpZCI6NzIsIm5hbWUiOiJzYW50byIsImVtYWlsX2FkZHJlc3MiOiJzYW50b0BnbWFpbC5jb20iLCJyb2xlIjpudWxsLCJpYXQiOjE2NDczMzE3OTMsImV4cCI6MTY0NzM2Nzc5MywiaXNzIjoiV0VCNCJ9.qaKwsT9iewjRhELz9Jg-CGiANZclMs_Fiw6H9Ujfkr8',NULL),(29,'eyJhbGciOiJIUzI1NiIsInR5cCI6IkpXVCJ9.eyJpZCI6NzIsIm5hbWUiOiJzYW50byIsImVtYWlsX2FkZHJlc3MiOiJzYW50b0BnbWFpbC5jb20iLCJyb2xlIjpudWxsLCJpYXQiOjE2NDczMzQ0NTAsImV4cCI6MTY0NzM3MDQ1MCwiaXNzIjoiV0VCNCJ9.WaCn7pTv4XtJ6VFbRUAS-jD7JlyGf636Bi-Luw7FN_k',NULL),(30,'eyJhbGciOiJIUzI1NiIsInR5cCI6IkpXVCJ9.eyJpZCI6NzIsIm5hbWUiOiJzYW50byIsImVtYWlsX2FkZHJlc3MiOiJzYW50b0BnbWFpbC5jb20iLCJyb2xlIjpudWxsLCJpYXQiOjE2NDczMzQ1NTgsImV4cCI6MTY0NzM3MDU1OCwiaXNzIjoiV0VCNCJ9.o3wr4M-KRAUU_7Kbjchd5AYGNlEFnUEtXFpDHVFn6S4',NULL),(31,'eyJhbGciOiJIUzI1NiIsInR5cCI6IkpXVCJ9.eyJpZCI6NzIsIm5hbWUiOiJzYW50byIsImVtYWlsX2FkZHJlc3MiOiJzYW50b0BnbWFpbC5jb20iLCJyb2xlIjpudWxsLCJpYXQiOjE2NDczMzQ1NTgsImV4cCI6MTY0NzM3MDU1OCwiaXNzIjoiV0VCNCJ9.o3wr4M-KRAUU_7Kbjchd5AYGNlEFnUEtXFpDHVFn6S4',NULL),(32,'eyJhbGciOiJIUzI1NiIsInR5cCI6IkpXVCJ9.eyJpZCI6NzIsIm5hbWUiOiJzYW50byIsImVtYWlsX2FkZHJlc3MiOiJzYW50b0BnbWFpbC5jb20iLCJyb2xlIjpudWxsLCJpYXQiOjE2NDczMzQ2MzIsImV4cCI6MTY0NzM3MDYzMiwiaXNzIjoiV0VCNCJ9.Qk81Gjf4Sq_W8UTTc3DSZx9TyuQ1NxT-6qSINoQphtQ',NULL),(33,'eyJhbGciOiJIUzI1NiIsInR5cCI6IkpXVCJ9.eyJpZCI6NzIsIm5hbWUiOiJzYW50byIsImVtYWlsX2FkZHJlc3MiOiJzYW50b0BnbWFpbC5jb20iLCJyb2xlIjpudWxsLCJpYXQiOjE2NDczMzQ2MzIsImV4cCI6MTY0NzM3MDYzMiwiaXNzIjoiV0VCNCJ9.Qk81Gjf4Sq_W8UTTc3DSZx9TyuQ1NxT-6qSINoQphtQ',NULL),(34,'eyJhbGciOiJIUzI1NiIsInR5cCI6IkpXVCJ9.eyJpZCI6MzMsIm5hbWUiOiJvd25lciB2ZWhpY2xlIiwiZW1haWxfYWRkcmVzcyI6Im93bmVyQG93bmVyLmNvbSIsInJvbGUiOjEsImlhdCI6MTY0NzMzNjkxOCwiZXhwIjoxNjQ3MzcyOTE4LCJpc3MiOiJXRUI0In0.n8_ue4Z7wMiLhTabKbF8k-ex43TNMWITgiH30rbwsAE',NULL),(35,'eyJhbGciOiJIUzI1NiIsInR5cCI6IkpXVCJ9.eyJpZCI6NTMsIm5hbWUiOiJsb2tpIiwiZW1haWxfYWRkcmVzcyI6ImxAbi5jbyIsInJvbGUiOm51bGwsImlhdCI6MTY0NzMzNzQ2OSwiZXhwIjoxNjQ3MzczNDY5LCJpc3MiOiJXRUI0In0.ToXSWrPSUklPP64yDb57DJlu-p48Fh30WOw3ukOJiXM',NULL),(36,'eyJhbGciOiJIUzI1NiIsInR5cCI6IkpXVCJ9.eyJpZCI6NTMsIm5hbWUiOiJsb2tpIiwiZW1haWxfYWRkcmVzcyI6ImxAbi5jbyIsInJvbGUiOm51bGwsImlhdCI6MTY0NzMzNzQ2OSwiZXhwIjoxNjQ3MzczNDY5LCJpc3MiOiJXRUI0In0.ToXSWrPSUklPP64yDb57DJlu-p48Fh30WOw3ukOJiXM',NULL),(37,'eyJhbGciOiJIUzI1NiIsInR5cCI6IkpXVCJ9.eyJpZCI6MzMsIm5hbWUiOiJvd25lciB2ZWhpY2xlIiwiZW1haWxfYWRkcmVzcyI6Im93bmVyQG93bmVyLmNvbSIsInJvbGUiOjEsImlhdCI6MTY0NzMzNzc0MCwiZXhwIjoxNjQ3MzczNzQwLCJpc3MiOiJXRUI0In0.-WVeBFoxwJDDw_BRLQNXh8BMCtgcD1wKwKZBLvIq9_I',NULL),(38,'eyJhbGciOiJIUzI1NiIsInR5cCI6IkpXVCJ9.eyJpZCI6NzAsIm5hbWUiOiIiLCJlbWFpbF9hZGRyZXNzIjoiIiwicm9sZSI6bnVsbCwiaWF0IjoxNjQ3MzM4MTIzLCJleHAiOjE2NDczNzQxMjMsImlzcyI6IldFQjQifQ.O44HIAXQ13uT64-81oRHeX829JCJQN_KlsJ2jxz1P_o',NULL),(39,'eyJhbGciOiJIUzI1NiIsInR5cCI6IkpXVCJ9.eyJpZCI6NzAsIm5hbWUiOiIiLCJlbWFpbF9hZGRyZXNzIjoiIiwicm9sZSI6bnVsbCwiaWF0IjoxNjQ3MzM4MTIzLCJleHAiOjE2NDczNzQxMjMsImlzcyI6IldFQjQifQ.O44HIAXQ13uT64-81oRHeX829JCJQN_KlsJ2jxz1P_o',NULL),(40,'eyJhbGciOiJIUzI1NiIsInR5cCI6IkpXVCJ9.eyJpZCI6ODEsIm5hbWUiOiJoYXJlZiIsImVtYWlsX2FkZHJlc3MiOiJoYXJlZjcxNTAzQHNvbmdzaWduLmNvbSIsInJvbGUiOm51bGwsImlhdCI6MTY0NzMzNzUyMCwiZXhwIjoxNjQ3MzczNTIwLCJpc3MiOiJXRUI0In0.SO81o_cRABeqLKHyB_RtfpCAkG9lRCsxpFLDoPprOsI',NULL),(41,'eyJhbGciOiJIUzI1NiIsInR5cCI6IkpXVCJ9.eyJpZCI6ODEsIm5hbWUiOiJoYXJlZiIsImVtYWlsX2FkZHJlc3MiOiJoYXJlZjcxNTAzQHNvbmdzaWduLmNvbSIsInJvbGUiOm51bGwsImlhdCI6MTY0NzMzNzUyMCwiZXhwIjoxNjQ3MzczNTIwLCJpc3MiOiJXRUI0In0.SO81o_cRABeqLKHyB_RtfpCAkG9lRCsxpFLDoPprOsI',NULL),(42,'eyJhbGciOiJIUzI1NiIsInR5cCI6IkpXVCJ9.eyJpZCI6MzMsIm5hbWUiOiJvd25lciB2ZWhpY2xlIiwiZW1haWxfYWRkcmVzcyI6Im93bmVyQG93bmVyLmNvbSIsInJvbGUiOjEsImlhdCI6MTY0NzMzNzgyOSwiZXhwIjoxNjQ3MzczODI5LCJpc3MiOiJXRUI0In0.I-gLCXW1U-aUKZi1qZS26XM2qVQuOupJmpPg2KJftvM',NULL),(43,'eyJhbGciOiJIUzI1NiIsInR5cCI6IkpXVCJ9.eyJpZCI6MzMsIm5hbWUiOiJvd25lciB2ZWhpY2xlIiwiZW1haWxfYWRkcmVzcyI6Im93bmVyQG93bmVyLmNvbSIsInJvbGUiOjEsImlhdCI6MTY0NzMzNzgyOSwiZXhwIjoxNjQ3MzczODI5LCJpc3MiOiJXRUI0In0.I-gLCXW1U-aUKZi1qZS26XM2qVQuOupJmpPg2KJftvM',NULL),(44,'eyJhbGciOiJIUzI1NiIsInR5cCI6IkpXVCJ9.eyJpZCI6NzAsIm5hbWUiOiIiLCJlbWFpbF9hZGRyZXNzIjoiIiwicm9sZSI6bnVsbCwiaWF0IjoxNjQ3MzM4MzIxLCJleHAiOjE2NDczNzQzMjEsImlzcyI6IldFQjQifQ.RX7Ra4xW-nkomZ3aX3iZcXEqrvqbjIJ5NHNNe0wbPU8',NULL),(45,'eyJhbGciOiJIUzI1NiIsInR5cCI6IkpXVCJ9.eyJpZCI6NTMsIm5hbWUiOiJsb2tpIiwiZW1haWxfYWRkcmVzcyI6ImxAbi5jbyIsInJvbGUiOm51bGwsImlhdCI6MTY0NzM5NjIwMSwiZXhwIjoxNjQ3NDMyMjAxLCJpc3MiOiJXRUI0In0.Ozpfn23CBSC1Dq8AV5tiUEw6rdUF_QAw3Pa7RClLIaM',NULL),(46,'eyJhbGciOiJIUzI1NiIsInR5cCI6IkpXVCJ9.eyJpZCI6NTMsIm5hbWUiOiJsb2tpIiwiZW1haWxfYWRkcmVzcyI6ImxAbi5jbyIsInJvbGUiOm51bGwsImlhdCI6MTY0NzM5NjIwMSwiZXhwIjoxNjQ3NDMyMjAxLCJpc3MiOiJXRUI0In0.Ozpfn23CBSC1Dq8AV5tiUEw6rdUF_QAw3Pa7RClLIaM',NULL),(47,'eyJhbGciOiJIUzI1NiIsInR5cCI6IkpXVCJ9.eyJpZCI6NTMsIm5hbWUiOiJsb2tpIiwiZW1haWxfYWRkcmVzcyI6ImxAbi5jbyIsInJvbGUiOm51bGwsImlhdCI6MTY0NzM5NjI4OCwiZXhwIjoxNjQ3NDMyMjg4LCJpc3MiOiJXRUI0In0.OnpA8Ikh8K9STU9QH8oDmOMf1rL2jrjCHNx_dNunVbo',NULL),(48,'eyJhbGciOiJIUzI1NiIsInR5cCI6IkpXVCJ9.eyJpZCI6NTMsIm5hbWUiOiJsb2tpIiwiZW1haWxfYWRkcmVzcyI6ImxAbi5jbyIsInJvbGUiOm51bGwsImlhdCI6MTY0NzQwMDYzMCwiZXhwIjoxNjQ3NDM2NjMwLCJpc3MiOiJXRUI0In0.ynh49lCeoZqhNYZaUKVV9nUhyh9M-oqWpzPgwnSNwr4',NULL),(49,'eyJhbGciOiJIUzI1NiIsInR5cCI6IkpXVCJ9.eyJpZCI6MzMsIm5hbWUiOiJva2kiLCJlbWFpbF9hZGRyZXNzIjoib3duZXJAb3duZXIuY29tIiwicm9sZSI6MSwiaWF0IjoxNjQ3NDEzMzczLCJleHAiOjE2NDc0NDkzNzMsImlzcyI6IldFQjQifQ.FRW6_-NoomLPpKFPAm05Ex0f_z8ttjUT5ftIs4HsgN0',NULL),(50,'eyJhbGciOiJIUzI1NiIsInR5cCI6IkpXVCJ9.eyJpZCI6NTMsIm5hbWUiOiJsb2tpIiwiZW1haWxfYWRkcmVzcyI6ImxAbi5jbyIsInJvbGUiOm51bGwsImlhdCI6MTY0NzQxNDM5MCwiZXhwIjoxNjQ3NDUwMzkwLCJpc3MiOiJXRUI0In0.MYjZXLOa1LmERJ0v0sRkD0FfJA1hARSuS3BT000kYTs',NULL),(51,'eyJhbGciOiJIUzI1NiIsInR5cCI6IkpXVCJ9.eyJpZCI6ODUsIm5hbWUiOiJwdXRpbiIsImVtYWlsX2FkZHJlc3MiOiJwdXRpbkBnbWFpbC5jb20iLCJyb2xlIjpudWxsLCJpYXQiOjE2NDc0MTQ2NzYsImV4cCI6MTY0NzQ1MDY3NiwiaXNzIjoiV0VCNCJ9.zxv0RlMomOOZ80bO4OCPjWDAKwqvKpwLANS2xlWXoew',NULL),(52,'eyJhbGciOiJIUzI1NiIsInR5cCI6IkpXVCJ9.eyJpZCI6NTMsIm5hbWUiOiJsb2tpIiwiZW1haWxfYWRkcmVzcyI6ImxAbi5jbyIsInJvbGUiOm51bGwsImlhdCI6MTY0NzQxNTU0MiwiZXhwIjoxNjQ3NDUxNTQyLCJpc3MiOiJXRUI0In0.6xh-mFLo6XIQLMP6zhrDa5Cynavi-XACJuSTc6OaLik',NULL),(53,'eyJhbGciOiJIUzI1NiIsInR5cCI6IkpXVCJ9.eyJpZCI6NTMsIm5hbWUiOiJsb2tpIiwiZW1haWxfYWRkcmVzcyI6ImxAbi5jbyIsInJvbGUiOm51bGwsImlhdCI6MTY0NzQxNjQ4NiwiZXhwIjoxNjQ3NDUyNDg2LCJpc3MiOiJXRUI0In0.LZ3jSCvv_25c5Y4qYfJJh15frrCrR2uTp7WbKKllvvE',NULL),(54,'eyJhbGciOiJIUzI1NiIsInR5cCI6IkpXVCJ9.eyJpZCI6NTMsIm5hbWUiOiJsb2tpIiwiZW1haWxfYWRkcmVzcyI6ImxAbi5jbyIsInJvbGUiOm51bGwsImlhdCI6MTY0NzQ0NTQyNSwiZXhwIjoxNjQ3NDgxNDI1LCJpc3MiOiJXRUI0In0.QM49fj7b3-Epi4pp0D1MQ6tuM_AzF1Abkcx8WYgrZGs',NULL),(55,'eyJhbGciOiJIUzI1NiIsInR5cCI6IkpXVCJ9.eyJpZCI6NTMsIm5hbWUiOiJsb2tpIiwiZW1haWxfYWRkcmVzcyI6ImxAbi5jbyIsInJvbGUiOm51bGwsImlhdCI6MTY0NzQ3ODUwMiwiZXhwIjoxNjQ3NTE0NTAyLCJpc3MiOiJXRUI0In0.xL7gEP2t6sS9aW-YSML3KaHJmonRZxgvueuOAnK1io0',NULL),(56,'eyJhbGciOiJIUzI1NiIsInR5cCI6IkpXVCJ9.eyJpZCI6NTMsIm5hbWUiOiJsb2tpIiwiZW1haWxfYWRkcmVzcyI6ImxAbi5jbyIsInJvbGUiOm51bGwsImlhdCI6MTY0NzUwMDU5MywiZXhwIjoxNjQ3NTM2NTkzLCJpc3MiOiJXRUI0In0.t2KXQIBfwrYGL3_KgSwGOH43DFAkBuQDVRfc9B84F58',NULL),(57,'eyJhbGciOiJIUzI1NiIsInR5cCI6IkpXVCJ9.eyJpZCI6MzMsIm5hbWUiOiJva2kiLCJlbWFpbF9hZGRyZXNzIjoib3duZXJAb3duZXIuY29tIiwicm9sZSI6MSwiaWF0IjoxNjQ3NTAwNzQ3LCJleHAiOjE2NDc1MzY3NDcsImlzcyI6IldFQjQifQ.e5Nuv0J6QoU-3vEatKT7oacUiaAZNShUvaJQogwxkEc',NULL),(58,'eyJhbGciOiJIUzI1NiIsInR5cCI6IkpXVCJ9.eyJpZCI6NTMsIm5hbWUiOiJsb2tpIiwiZW1haWxfYWRkcmVzcyI6ImxAbi5jbyIsInJvbGUiOm51bGwsImlhdCI6MTY0NzUwMTI2NSwiZXhwIjoxNjQ3NTM3MjY1LCJpc3MiOiJXRUI0In0.6pfxkqoK4kPJikEwaeftTNF6bvQeNNr00U0dd7e2EPA',NULL),(59,'eyJhbGciOiJIUzI1NiIsInR5cCI6IkpXVCJ9.eyJpZCI6NTMsIm5hbWUiOiJsb2tpIiwiZW1haWxfYWRkcmVzcyI6ImxAbi5jbyIsInJvbGUiOm51bGwsImlhdCI6MTY0NzUwMjU1MiwiZXhwIjoxNjQ3NTM4NTUyLCJpc3MiOiJXRUI0In0.lmpJV8MTweg3ViFMwC-_lgsMzibpp2DbkvPrKJ-fxZ4',NULL),(60,'eyJhbGciOiJIUzI1NiIsInR5cCI6IkpXVCJ9.eyJpZCI6NTMsIm5hbWUiOiJsb2tpIiwiZW1haWxfYWRkcmVzcyI6ImxAbi5jbyIsInJvbGUiOm51bGwsImlhdCI6MTY0NzUwMzI2NywiZXhwIjoxNjQ3NTM5MjY3LCJpc3MiOiJXRUI0In0.ubg0IOh382NyX_qEve_Qc0Q-NOLyT7M1UoXAf8oLwoc',NULL),(61,'eyJhbGciOiJIUzI1NiIsInR5cCI6IkpXVCJ9.eyJpZCI6NTMsIm5hbWUiOiJsb2tpIiwiZW1haWxfYWRkcmVzcyI6ImxAbi5jbyIsInJvbGUiOm51bGwsImlhdCI6MTY0NzUwNDE1OSwiZXhwIjoxNjQ3NTQwMTU5LCJpc3MiOiJXRUI0In0.ZE_ARyQnsSZBpQYulF0NEpEO4ekesSR7exnZWqo6Yyw',NULL),(62,'eyJhbGciOiJIUzI1NiIsInR5cCI6IkpXVCJ9.eyJpZCI6NTMsIm5hbWUiOiJsb2tpIiwiZW1haWxfYWRkcmVzcyI6ImxAbi5jbyIsInJvbGUiOm51bGwsImlhdCI6MTY0NzUwNDIzNywiZXhwIjoxNjQ3NTQwMjM3LCJpc3MiOiJXRUI0In0.Z1DRKFeWLQKId5Th9_lj_m_pjJ8orpXy50qR8rXF2yk',NULL),(63,'eyJhbGciOiJIUzI1NiIsInR5cCI6IkpXVCJ9.eyJpZCI6NTMsIm5hbWUiOiJsb2tpIiwiZW1haWxfYWRkcmVzcyI6ImxAbi5jbyIsInJvbGUiOm51bGwsImlhdCI6MTY0NzUwNzc3MCwiZXhwIjoxNjQ3NTQzNzcwLCJpc3MiOiJXRUI0In0.vKI_lfxcIjWUWgnUU-4YVKkpH3e15iGiOczVvc9Q18c',NULL),(64,'eyJhbGciOiJIUzI1NiIsInR5cCI6IkpXVCJ9.eyJpZCI6NTMsIm5hbWUiOiJsb2tpIiwiZW1haWxfYWRkcmVzcyI6ImxAbi5jbyIsInJvbGUiOm51bGwsImlhdCI6MTY0NzUwODU0NSwiZXhwIjoxNjQ3NTQ0NTQ1LCJpc3MiOiJXRUI0In0.zxsMSbc9mw1N3c2LdNh1sgi7RhGKKxWe-5wIrGJTygY',NULL),(65,'eyJhbGciOiJIUzI1NiIsInR5cCI6IkpXVCJ9.eyJpZCI6NTMsIm5hbWUiOiJ0ZXN0dXNlciIsImVtYWlsX2FkZHJlc3MiOiJyZWFjdG5hdGl2ZUBnbWFpbC5jb20iLCJyb2xlIjpudWxsLCJpYXQiOjE2NDc1MDg3OTQsImV4cCI6MTY0NzU0NDc5NCwiaXNzIjoiV0VCNCJ9.X3siWXMcTOjnYcWDqRuTeRkpFRYXa79nOLsQJdWaxhA',NULL),(66,'eyJhbGciOiJIUzI1NiIsInR5cCI6IkpXVCJ9.eyJpZCI6NTMsIm5hbWUiOiJ0ZXN0dXNlciIsImVtYWlsX2FkZHJlc3MiOiJyZWFjdG5hdGl2ZUBnbWFpbC5jb20iLCJyb2xlIjpudWxsLCJpYXQiOjE2NDc1MDg4NjMsImV4cCI6MTY0NzU0NDg2MywiaXNzIjoiV0VCNCJ9.m-UT-UiiCF54omLswioKTP-eMama9HaH0g2caN2ziVQ',NULL),(67,'eyJhbGciOiJIUzI1NiIsInR5cCI6IkpXVCJ9.eyJpZCI6NTMsIm5hbWUiOiJ0ZXN0dXNlciIsImVtYWlsX2FkZHJlc3MiOiJyZWFjdG5hdGl2ZUBnbWFpbC5jb20iLCJyb2xlIjpudWxsLCJpYXQiOjE2NDc1MzY3NDksImV4cCI6MTY0NzU3Mjc0OSwiaXNzIjoiV0VCNCJ9.RFA684At_Atr-JXuhDMqHuHAR7ozjvMghBXiy1ntyEs',NULL),(68,'eyJhbGciOiJIUzI1NiIsInR5cCI6IkpXVCJ9.eyJpZCI6NTMsIm5hbWUiOiJ0ZXN0dXNlciIsImVtYWlsX2FkZHJlc3MiOiJyZWFjdG5hdGl2ZUBnbWFpbC5jb20iLCJyb2xlIjpudWxsLCJpYXQiOjE2NDc1Njc0NTksImV4cCI6MTY0NzYwMzQ1OSwiaXNzIjoiV0VCNCJ9.i29XEjdolHFduO6DZKgUKkCB_8A3LVkb1gb2XDLh_5o',NULL),(69,'eyJhbGciOiJIUzI1NiIsInR5cCI6IkpXVCJ9.eyJpZCI6NTMsIm5hbWUiOiJva2kiLCJlbWFpbF9hZGRyZXNzIjoicmVhY3RAZ21haWwuY29tIiwicm9sZSI6bnVsbCwiaWF0IjoxNjQ3NTk2OTI4LCJleHAiOjE2NDc2MzI5MjgsImlzcyI6IldFQjQifQ.yB9mds8r8ZABCTvBK3EyDQFTUDkwbqbHtRoqWkBRqh4',NULL),(70,'eyJhbGciOiJIUzI1NiIsInR5cCI6IkpXVCJ9.eyJpZCI6NTMsIm5hbWUiOiJva2kiLCJlbWFpbF9hZGRyZXNzIjoicmVhY3RAZ21haWwuY29tIiwicm9sZSI6bnVsbCwiaWF0IjoxNjQ3NjI4MjQyLCJleHAiOjE2NDc2NjQyNDIsImlzcyI6IldFQjQifQ.G3k4qaPXB2JfwdE3rFtZ5LCppnBgVDHemR3IXCtQctU',NULL),(71,'eyJhbGciOiJIUzI1NiIsInR5cCI6IkpXVCJ9.eyJpZCI6NTMsIm5hbWUiOiJva2kiLCJlbWFpbF9hZGRyZXNzIjoicmVhY3RAZ21haWwuY29tIiwicm9sZSI6bnVsbCwiaWF0IjoxNjQ3NjU5NjEyLCJleHAiOjE2NDc2OTU2MTIsImlzcyI6IldFQjQifQ.CKf61ay6re28_9m-FvpGESse-0OkWqqjSPaziqchg6E',NULL),(72,'eyJhbGciOiJIUzI1NiIsInR5cCI6IkpXVCJ9.eyJpZCI6NTMsIm5hbWUiOiJva2kiLCJlbWFpbF9hZGRyZXNzIjoicmVhY3RAZ21haWwuY29tIiwicm9sZSI6bnVsbCwiaWF0IjoxNjQ3NjYwNDMzLCJleHAiOjE2NDc2OTY0MzMsImlzcyI6IldFQjQifQ.kcgEgptFhoMofIIXl30WwecR8Uh35JgIhQ5KUyGBIL8',NULL),(73,'eyJhbGciOiJIUzI1NiIsInR5cCI6IkpXVCJ9.eyJpZCI6NTMsIm5hbWUiOiJhZ3VzIiwiZW1haWxfYWRkcmVzcyI6InJlYWN0QGdtYWlsLmNvbSIsInJvbGUiOjIsImlhdCI6MTY0ODEyMzI0MCwiZXhwIjoxNjQ4MTU5MjQwLCJpc3MiOiJXRUI0In0.96hZpz0Mr0_nVPy6Ka0IK0AqU7XOveJJ_kByktpw3UM',NULL),(74,'eyJhbGciOiJIUzI1NiIsInR5cCI6IkpXVCJ9.eyJpZCI6NTMsIm5hbWUiOiJhZ3VzIiwiZW1haWxfYWRkcmVzcyI6InJlYWN0QGdtYWlsLmNvbSIsInJvbGUiOjIsImlhdCI6MTY0ODE3MTU2MCwiZXhwIjoxNjQ4MjA3NTYwLCJpc3MiOiJXRUI0In0.fZWzIWEczjTm7avFZ4im9IjIYLCRANwtMGDhwSp8EWU',NULL),(75,'eyJhbGciOiJIUzI1NiIsInR5cCI6IkpXVCJ9.eyJpZCI6MzMsIm5hbWUiOiJva2lwYXRjaCIsImVtYWlsX2FkZHJlc3MiOiJvd25lckBvd25lci5jb20iLCJyb2xlIjoxLCJpYXQiOjE2NDgxNzE2ODcsImV4cCI6MTY0ODIwNzY4NywiaXNzIjoiV0VCNCJ9.SyInycvkjucImYkHkZjl0gHnhrKr3ZLRczSCOKG3tGc',NULL),(76,'eyJhbGciOiJIUzI1NiIsInR5cCI6IkpXVCJ9.eyJpZCI6MzMsIm5hbWUiOiJva2lwYXRjaCIsImVtYWlsX2FkZHJlc3MiOiJvd25lckBvd25lci5jb20iLCJyb2xlIjoxLCJpYXQiOjE2NDgxNzg5NzQsImV4cCI6MTY0ODIxNDk3NCwiaXNzIjoiV0VCNCJ9.pOfQJqSULpmTaIF69mHU2SMbJBZLBrZ7BWjGr9ZprVY',NULL),(77,'eyJhbGciOiJIUzI1NiIsInR5cCI6IkpXVCJ9.eyJpZCI6MzMsIm5hbWUiOiJva2lwYXRjaCIsImVtYWlsX2FkZHJlc3MiOiJvd25lckBvd25lci5jb20iLCJyb2xlIjoxLCJpYXQiOjE2NDgxNzk1NjksImV4cCI6MTY0ODIxNTU2OSwiaXNzIjoiV0VCNCJ9.60lWBDzBLyhchL2YWhlC3a_giPJsrfPLcZmceUGLKfc',NULL),(78,'eyJhbGciOiJIUzI1NiIsInR5cCI6IkpXVCJ9.eyJpZCI6MzMsIm5hbWUiOiJva2lwYXRjaCIsImVtYWlsX2FkZHJlc3MiOiJvd25lckBvd25lci5jb20iLCJyb2xlIjoxLCJpYXQiOjE2NDgxODE0MTEsImV4cCI6MTY0ODIxNzQxMSwiaXNzIjoiV0VCNCJ9.pCT0zo8eGQldlPbrGVIbHom2AjSg2y6KpGxjq9wK1dI',NULL),(79,'eyJhbGciOiJIUzI1NiIsInR5cCI6IkpXVCJ9.eyJpZCI6MzMsIm5hbWUiOiJva2lwYXRjaCIsImVtYWlsX2FkZHJlc3MiOiJvd25lckBvd25lci5jb20iLCJyb2xlIjoxLCJpYXQiOjE2NDgxOTYyMzAsImV4cCI6MTY0ODIzMjIzMCwiaXNzIjoiV0VCNCJ9.QSuOZ1rKRdREB6WGvAefSblwWBhGy6L2DRFr9ACk2MQ',NULL),(80,'eyJhbGciOiJIUzI1NiIsInR5cCI6IkpXVCJ9.eyJpZCI6MzMsIm5hbWUiOiJva2lwYXRjaCIsImVtYWlsX2FkZHJlc3MiOiJvd25lckBvd25lci5jb20iLCJyb2xlIjoxLCJpYXQiOjE2NDgxOTkyMTYsImV4cCI6MTY0ODIzNTIxNiwiaXNzIjoiV0VCNCJ9.6_gFxs8RQQ0DVjlkrv6nWJ10SV_Sz_dvhZwykkZzfHs',NULL),(81,'eyJhbGciOiJIUzI1NiIsInR5cCI6IkpXVCJ9.eyJpZCI6NTgsIm5hbWUiOiJva2kiLCJlbWFpbCI6Im5vbmFtZUBnbWFpbC5jb20iLCJyb2xlIjpudWxsLCJpYXQiOjE2NDgyNzI1NzcsImV4cCI6MTY0ODMwODU3NywiaXNzIjoiV0VCNCJ9.DauG1271b0peAkZE46Gq6tAmkwY5-gvp8cqBLXzdDKQ',NULL),(82,'eyJhbGciOiJIUzI1NiIsInR5cCI6IkpXVCJ9.eyJpZCI6MzMsInJvbGUiOjEsImlhdCI6MTY0ODM1NjU1NCwiZXhwIjoxNjQ4MzYwMTU0LCJpc3MiOiJXRUI0In0.Wr2r9hyr3KNUA04gi5RORjfDT7JiyQpKWaJE49M1rgM',NULL),(83,'eyJhbGciOiJIUzI1NiIsInR5cCI6IkpXVCJ9.eyJpZCI6MzMsInJvbGUiOjEsImlhdCI6MTY0ODM4MzE1NiwiZXhwIjoxNjQ4Mzg2NzU2LCJpc3MiOiJXRUI0In0.ZskUhQjB5uZwGQvnoroQ9P7K0MDmPmz_rS81PyLfa3A',NULL),(84,'eyJhbGciOiJIUzI1NiIsInR5cCI6IkpXVCJ9.eyJpZCI6MTM3LCJyb2xlIjpudWxsLCJpYXQiOjE2NDgzODY5MTEsImV4cCI6MTY0ODM5MDUxMSwiaXNzIjoiV0VCNCJ9.GCKufvNuzN4uyHo-rJPlX2fhaObLUJz5-_0uwSaivZ0',NULL),(85,'eyJhbGciOiJIUzI1NiIsInR5cCI6IkpXVCJ9.eyJpZCI6MTM4LCJyb2xlIjpudWxsLCJpYXQiOjE2NDg0Nzc0MzUsImV4cCI6MTY0ODQ4MTAzNSwiaXNzIjoiV0VCNCJ9.fJxm3eGzid4OVcl2RCKD3PcLyIHr1stF5XyprA0Y30U',NULL),(86,'eyJhbGciOiJIUzI1NiIsInR5cCI6IkpXVCJ9.eyJpZCI6MzMsInJvbGUiOjEsImlhdCI6MTY0ODQ3ODc5NiwiZXhwIjoxNjQ4NDgyMzk2LCJpc3MiOiJXRUI0In0.b_4YIm7kKAQYFhjo10SZUKF8K5bfWKkzlevHIU99b2A',NULL),(87,'eyJhbGciOiJIUzI1NiIsInR5cCI6IkpXVCJ9.eyJpZCI6MTM5LCJyb2xlIjpudWxsLCJpYXQiOjE2NDg0NzkwMjMsImV4cCI6MTY0ODQ4MjYyMywiaXNzIjoiV0VCNCJ9.UtvWD9zs_yHvv6KIUAc23t8GG_b4e2z9kjtGelsQ_98',NULL),(88,'eyJhbGciOiJIUzI1NiIsInR5cCI6IkpXVCJ9.eyJpZCI6MTM4LCJyb2xlIjpudWxsLCJpYXQiOjE2NDg0ODAzMDcsImV4cCI6MTY0ODQ4MzkwNywiaXNzIjoiV0VCNCJ9.tLA8UyOgXv3zz704FaD3kP8EaQiHuBGDl-Eo_tfOKho',NULL),(89,'eyJhbGciOiJIUzI1NiIsInR5cCI6IkpXVCJ9.eyJpZCI6MTM4LCJyb2xlIjpudWxsLCJpYXQiOjE2NDg0ODA3MTMsImV4cCI6MTY0ODQ4NDMxMywiaXNzIjoiV0VCNCJ9.zZPjvLa1zElw8VQAiB3PtvEAxMV0IbOwjAoyKOgsRIM',NULL),(90,'eyJhbGciOiJIUzI1NiIsInR5cCI6IkpXVCJ9.eyJpZCI6MzMsInJvbGUiOjEsImlhdCI6MTY0ODQ4MTA2OCwiZXhwIjoxNjQ4NDg0NjY4LCJpc3MiOiJXRUI0In0.YKR4O5G2APZsEt4C6RnvLnRVgtxGwWmfSFW35yVaIC4',NULL),(91,'eyJhbGciOiJIUzI1NiIsInR5cCI6IkpXVCJ9.eyJpZCI6MzMsInJvbGUiOjEsImlhdCI6MTY0ODQ4MTE5NCwiZXhwIjoxNjQ4NDg0Nzk0LCJpc3MiOiJXRUI0In0.6flWi01eXArx8SZjOcSqUAteev0G9jWdYoMDDlQPcSk',NULL),(92,'eyJhbGciOiJIUzI1NiIsInR5cCI6IkpXVCJ9.eyJpZCI6MzMsInJvbGUiOjEsImlhdCI6MTY0ODQ4MjcyOCwiZXhwIjoxNjQ4NDg2MzI4LCJpc3MiOiJXRUI0In0.IEstna4Dm6PEvh9tVpeuD0qZ-CJNb-Zfyd2rMufW-Ok',NULL),(93,'eyJhbGciOiJIUzI1NiIsInR5cCI6IkpXVCJ9.eyJpZCI6MzMsInJvbGUiOjEsImlhdCI6MTY0ODQ4MDQ3NSwiZXhwIjoxNjQ4NDg0MDc1LCJpc3MiOiJXRUI0In0.1mrDJvgVHMaMgR8t7Ogs-J6kHABt0OW0gc0nOyS-PrQ',NULL),(94,'eyJhbGciOiJIUzI1NiIsInR5cCI6IkpXVCJ9.eyJpZCI6MzMsInJvbGUiOjEsImlhdCI6MTY0ODQ4MzQ0OSwiZXhwIjoxNjQ4NDg3MDQ5LCJpc3MiOiJXRUI0In0.8XjZllud3HoWgAA2XEDL05H45GmPCVKJc_zVWJUXkpU',NULL),(95,'eyJhbGciOiJIUzI1NiIsInR5cCI6IkpXVCJ9.eyJpZCI6MzMsInJvbGUiOjEsImlhdCI6MTY0ODQ4NDc3NSwiZXhwIjoxNjQ4NDg4Mzc1LCJpc3MiOiJXRUI0In0.sJwxfwTalZVeFoPKlEJ9Q314yGUYIFqE2pTM5UXXBEo',NULL),(96,'eyJhbGciOiJIUzI1NiIsInR5cCI6IkpXVCJ9.eyJpZCI6MTM4LCJyb2xlIjpudWxsLCJpYXQiOjE2NDg0ODYwOTQsImV4cCI6MTY0ODQ4OTY5NCwiaXNzIjoiV0VCNCJ9.62PCTrlQDc52OkoA1AUmdFrswVH7JZQnMZNxHoTDAKo',NULL),(97,'eyJhbGciOiJIUzI1NiIsInR5cCI6IkpXVCJ9.eyJpZCI6MzMsInJvbGUiOjEsImlhdCI6MTY0ODQ4NDYyNSwiZXhwIjoxNjQ4NDg4MjI1LCJpc3MiOiJXRUI0In0.Dg2JjtRLNylW410lnYYiwxe2uKOPqOvyhapbYXtPXBs',NULL),(98,'eyJhbGciOiJIUzI1NiIsInR5cCI6IkpXVCJ9.eyJpZCI6MTM4LCJyb2xlIjpudWxsLCJpYXQiOjE2NDg0ODY5ODcsImV4cCI6MTY0ODQ5MDU4NywiaXNzIjoiV0VCNCJ9.oXTGN-5ftFjtWcQPL63lJE-WtvsX-YVg-TBv1m4Y2Ck',NULL),(99,'eyJhbGciOiJIUzI1NiIsInR5cCI6IkpXVCJ9.eyJpZCI6MTQxLCJyb2xlIjpudWxsLCJpYXQiOjE2NDg1NjI5MDEsImV4cCI6MTY0ODU2NjUwMSwiaXNzIjoiV0VCNCJ9.IJZaOo4K4CO-ArVal3eDUu7SGBk5ejQ6psfO010OHTk',NULL),(100,'eyJhbGciOiJIUzI1NiIsInR5cCI6IkpXVCJ9.eyJpZCI6MTM4LCJyb2xlIjpudWxsLCJpYXQiOjE2NDg2MjUzNDQsImV4cCI6MTY0ODYyODk0NCwiaXNzIjoiV0VCNCJ9.fm0xtMNN8XQyXRn74m0QpvfOKmNQWYLye4kSgT0_unc',NULL),(101,'eyJhbGciOiJIUzI1NiIsInR5cCI6IkpXVCJ9.eyJpZCI6MzMsInJvbGUiOjEsImlhdCI6MTY0ODYyNTkyMCwiZXhwIjoxNjQ4NjI5NTIwLCJpc3MiOiJXRUI0In0.-32BB0PPz0lh4usZLOAh92uxOKMb0F-WpkYK8GKWHKc',NULL),(102,'eyJhbGciOiJIUzI1NiIsInR5cCI6IkpXVCJ9.eyJpZCI6MTQ2LCJyb2xlIjpudWxsLCJpYXQiOjE2NDg2MjkzNjYsImV4cCI6MTY0ODYzMjk2NiwiaXNzIjoiV0VCNCJ9.VtCYrtAU9N6kVBCHwDDhAxzU0-WpfQ07LU_MDy98nS4',NULL),(103,'eyJhbGciOiJIUzI1NiIsInR5cCI6IkpXVCJ9.eyJpZCI6MTQ1LCJyb2xlIjpudWxsLCJpYXQiOjE2NDg2Mjk0MTgsImV4cCI6MTY0ODYzMzAxOCwiaXNzIjoiV0VCNCJ9.sZO84l8Q-8V35ykbyE7dbNxtLqIGQ8TpvHP1jkfncz0',NULL),(104,'eyJhbGciOiJIUzI1NiIsInR5cCI6IkpXVCJ9.eyJpZCI6MzMsInJvbGUiOjEsImlhdCI6MTY0ODY5MTA0MiwiZXhwIjoxNjQ4Njk0NjQyLCJpc3MiOiJXRUI0In0.xFU4lkTKF_jUIgLsnzYE4XE070pmUtMtSt7Qo_Q3RkE',NULL),(105,'eyJhbGciOiJIUzI1NiIsInR5cCI6IkpXVCJ9.eyJpZCI6MzMsInJvbGUiOjEsImlhdCI6MTY0ODY5MTQxMiwiZXhwIjoxNjQ4Njk1MDEyLCJpc3MiOiJXRUI0In0.42VviA-ifVrL9HeZEaUPTijHnqKW010v5Y1jUuPde8M',NULL),(106,'eyJhbGciOiJIUzI1NiIsInR5cCI6IkpXVCJ9.eyJpZCI6MzMsInJvbGUiOjEsImlhdCI6MTY0ODY5MTgxOSwiZXhwIjoxNjQ4Njk1NDE5LCJpc3MiOiJXRUI0In0.9tiWg4jVpa68iBoh1MW4w00lC8FP6vQ2SqXftCr_U9Q',NULL),(107,'eyJhbGciOiJIUzI1NiIsInR5cCI6IkpXVCJ9.eyJpZCI6MTM4LCJyb2xlIjpudWxsLCJpYXQiOjE2NDg3MTE1NDMsImV4cCI6MTY0ODcxNTE0MywiaXNzIjoiV0VCNCJ9.p3z0TS1CEnwmzJM4bhznk3wIA0D_-0NTrYbEzkPP-QI',NULL),(108,'eyJhbGciOiJIUzI1NiIsInR5cCI6IkpXVCJ9.eyJpZCI6MzMsInJvbGUiOjEsImlhdCI6MTY0OTAwNDkzNiwiZXhwIjoxNjQ5MDA4NTM2LCJpc3MiOiJXRUI0In0.JLge5qYlZJ404VngBj_Sy6l3L2oxbIEowGIESACFlWc',NULL),(109,'eyJhbGciOiJIUzI1NiIsInR5cCI6IkpXVCJ9.eyJpZCI6MzMsInJvbGUiOjEsImlhdCI6MTY0OTYxODM4MCwiZXhwIjoxNjQ5NjIxOTgwLCJpc3MiOiJXRUI0In0.ZVLbQGP77xnUCqI5RhhpjdNhPVTyIUenMrWpCl1_We0',NULL),(110,'eyJhbGciOiJIUzI1NiIsInR5cCI6IkpXVCJ9.eyJpZCI6MzMsInJvbGUiOjEsImlhdCI6MTY0OTY1MjEyOSwiZXhwIjoxNjQ5NjU1NzI5LCJpc3MiOiJXRUI0In0.9pPeneUm-7QgXWMQOX9bjEuI-c6GI_XZ-wbNvNpw5Cc',NULL),(111,'eyJhbGciOiJIUzI1NiIsInR5cCI6IkpXVCJ9.eyJpZCI6MzMsInJvbGUiOjEsImlhdCI6MTY0OTY1MjczMSwiZXhwIjoxNjQ5NjU2MzMxLCJpc3MiOiJXRUI0In0.AYHwCNFOO9MgWKwHfpxG_NFd_mfZePHdEL0mP7AG9u0',NULL),(112,'eyJhbGciOiJIUzI1NiIsInR5cCI6IkpXVCJ9.eyJpZCI6MzMsInJvbGUiOjEsImlhdCI6MTY0OTY1MzM3NywiZXhwIjoxNjQ5NjU2OTc3LCJpc3MiOiJXRUI0In0.Gf9Zj3ZMl8Cg2_S-pn8kkoPzytCSZWCFfXK4q74HDeo',NULL),(113,'eyJhbGciOiJIUzI1NiIsInR5cCI6IkpXVCJ9.eyJpZCI6MzMsInJvbGUiOjEsImlhdCI6MTY0OTc4MjA4MCwiZXhwIjoxNjQ5Nzg1NjgwLCJpc3MiOiJXRUI0In0.AoEEBYyftkKB3Jr7IlBrGOqq9A7qee3Ir3mxQ4p7anE',NULL),(114,'eyJhbGciOiJIUzI1NiIsInR5cCI6IkpXVCJ9.eyJpZCI6MzMsInJvbGUiOjEsImlhdCI6MTY0OTc4MzIyMywiZXhwIjoxNjQ5Nzg2ODIzLCJpc3MiOiJXRUI0In0.vaLhp2LhPyiTjGuOSMB2U5emoGhr-OXoiaMoeA8J8Is',NULL),(115,'eyJhbGciOiJIUzI1NiIsInR5cCI6IkpXVCJ9.eyJpZCI6MzMsInJvbGUiOjEsImlhdCI6MTY0OTc4NjA5NCwiZXhwIjoxNjQ5Nzg5Njk0LCJpc3MiOiJXRUI0In0.PCM_sx4Y1SB2UZ6pGGdJO7R6cgBVJSH9cfRpRin1Bnc',NULL),(116,'eyJhbGciOiJIUzI1NiIsInR5cCI6IkpXVCJ9.eyJpZCI6NTMsInJvbGUiOjIsImlhdCI6MTY0OTc4NjQzOSwiZXhwIjoxNjQ5NzkwMDM5LCJpc3MiOiJXRUI0In0.HMer3Rg6KUeBwk7zv8Xx0z6e6BNcscTK0l0-DIavWnY',NULL),(117,'eyJhbGciOiJIUzI1NiIsInR5cCI6IkpXVCJ9.eyJpZCI6NTMsInJvbGUiOjIsImlhdCI6MTY0OTc4Njg4OCwiZXhwIjoxNjQ5NzkwNDg4LCJpc3MiOiJXRUI0In0.vQDolj6sxLHX3xP3vScsHDE8YNlX8OFLVLioZU4L1aI',NULL),(118,'eyJhbGciOiJIUzI1NiIsInR5cCI6IkpXVCJ9.eyJpZCI6MzMsInJvbGUiOjEsImlhdCI6MTY0OTc4NzcyMSwiZXhwIjoxNjQ5NzkxMzIxLCJpc3MiOiJXRUI0In0.3EuOHPg4TwWXGcd-HoEMRIrW5rqXF8slUeeocL_p-7I',NULL),(119,'eyJhbGciOiJIUzI1NiIsInR5cCI6IkpXVCJ9.eyJpZCI6MzMsInJvbGUiOjEsImlhdCI6MTY0OTg3MTA4NSwiZXhwIjoxNjQ5ODc0Njg1LCJpc3MiOiJXRUI0In0.ZY4jNeJEJFFYXdjKfu4c1uq-IMmiwhWpJ9ZGKKhHFeY',NULL),(120,'eyJhbGciOiJIUzI1NiIsInR5cCI6IkpXVCJ9.eyJpZCI6MzMsInJvbGUiOjEsImlhdCI6MTY0OTg3MTM3OCwiZXhwIjoxNjQ5ODc0OTc4LCJpc3MiOiJXRUI0In0.5mq3By2yfDmAyiAXt9PMYglRPX8w31OPGsr85Y-gcH4',NULL),(121,'eyJhbGciOiJIUzI1NiIsInR5cCI6IkpXVCJ9.eyJpZCI6MzMsInJvbGUiOjEsImlhdCI6MTY0OTg3MTU3NywiZXhwIjoxNjQ5ODc1MTc3LCJpc3MiOiJXRUI0In0.8GJNBNc9xZAm-VaXx0PpYNZ1J0VKPFTjPV0pcxGLuMw',NULL),(122,'eyJhbGciOiJIUzI1NiIsInR5cCI6IkpXVCJ9.eyJpZCI6MzMsInJvbGUiOjEsImlhdCI6MTY0OTg3MTg5MywiZXhwIjoxNjQ5ODc1NDkzLCJpc3MiOiJXRUI0In0.t6mkUQIavxb84oTRoq-IF-FiEWnDtQGwb4GccJ5H5Cw',NULL),(123,'eyJhbGciOiJIUzI1NiIsInR5cCI6IkpXVCJ9.eyJpZCI6MzMsInJvbGUiOjEsImlhdCI6MTY0OTg3MzQyNiwiZXhwIjoxNjQ5ODc3MDI2LCJpc3MiOiJXRUI0In0.DWcCKqiz-1sA9fwVOLUSWJeJPhbC9gFpcrRReFdGK-A',NULL),(124,'eyJhbGciOiJIUzI1NiIsInR5cCI6IkpXVCJ9.eyJpZCI6MzMsInJvbGUiOjEsImlhdCI6MTY0OTg3NDQ5NiwiZXhwIjoxNjQ5ODc4MDk2LCJpc3MiOiJXRUI0In0.c9d5hhNGtehGnmvTGD-A0V93i-4Xnz28ow5AFOwSnYo',NULL),(125,'eyJhbGciOiJIUzI1NiIsInR5cCI6IkpXVCJ9.eyJpZCI6MzMsInJvbGUiOjEsImlhdCI6MTY0OTg3NDUzNSwiZXhwIjoxNjQ5ODc4MTM1LCJpc3MiOiJXRUI0In0.sgaOPGTmMVf-kiFQzBJ9qqkC0l1iZ6C41ZKo8M3I4_g',NULL),(126,'eyJhbGciOiJIUzI1NiIsInR5cCI6IkpXVCJ9.eyJpZCI6MzMsInJvbGUiOjEsImlhdCI6MTY0OTg3NDU4NywiZXhwIjoxNjQ5ODc4MTg3LCJpc3MiOiJXRUI0In0.AKwRVz9-cf5qCIHpjyjsJd5b-RloCKTd1tc2TqMfUgA',NULL),(127,'eyJhbGciOiJIUzI1NiIsInR5cCI6IkpXVCJ9.eyJpZCI6MzMsInJvbGUiOjEsImlhdCI6MTY0OTg3NDc0MiwiZXhwIjoxNjQ5ODc4MzQyLCJpc3MiOiJXRUI0In0.vLOutVMg_W_XP0OhszKLHqc8-bMB1yATME47o3XTXLc',NULL),(128,'eyJhbGciOiJIUzI1NiIsInR5cCI6IkpXVCJ9.eyJpZCI6MzMsInJvbGUiOjEsImlhdCI6MTY0OTg3NDc5OSwiZXhwIjoxNjQ5ODc4Mzk5LCJpc3MiOiJXRUI0In0.vd1w3TZkY49GNML_LEWcpWOrt_oRJdjJKao7EFNxoO8',NULL),(129,'eyJhbGciOiJIUzI1NiIsInR5cCI6IkpXVCJ9.eyJpZCI6NTMsInJvbGUiOjIsImlhdCI6MTY0OTk0NTY1OCwiZXhwIjoxNjQ5OTQ5MjU4LCJpc3MiOiJXRUI0In0.MEnn_xyossoLHrTgDYYbT_EudaSMNjywoOeO1loJils',NULL),(130,'eyJhbGciOiJIUzI1NiIsInR5cCI6IkpXVCJ9.eyJpZCI6NTMsInJvbGUiOjIsImlhdCI6MTY0OTk0NTcyNywiZXhwIjoxNjQ5OTQ5MzI3LCJpc3MiOiJXRUI0In0.OpquTv0LX0wh6fgz6R_djz5s8Z3J68-7SBGnVSyz3fI',NULL),(131,'eyJhbGciOiJIUzI1NiIsInR5cCI6IkpXVCJ9.eyJpZCI6NTMsInJvbGUiOjIsImlhdCI6MTY0OTk0NTg1NywiZXhwIjoxNjQ5OTQ5NDU3LCJpc3MiOiJXRUI0In0.AmzHQ-jqeRE8kf5nmcN8a0z68-1vIiUrKt0NcIVn6dE',NULL),(132,'eyJhbGciOiJIUzI1NiIsInR5cCI6IkpXVCJ9.eyJpZCI6NTMsInJvbGUiOjIsImlhdCI6MTY0OTk0NjAxMSwiZXhwIjoxNjQ5OTQ5NjExLCJpc3MiOiJXRUI0In0.swZ2uQY51YP3ynJ9K0Z96g0U-NeS1mZqujATkMqU9VQ',NULL),(133,'eyJhbGciOiJIUzI1NiIsInR5cCI6IkpXVCJ9.eyJpZCI6MzMsInJvbGUiOjEsImlhdCI6MTY0OTk0NjQyNywiZXhwIjoxNjQ5OTUwMDI3LCJpc3MiOiJXRUI0In0.P9537APEU3Inwc9bFpHBKRZNUSnnINxJVuyhe3-U1RY',NULL),(134,'eyJhbGciOiJIUzI1NiIsInR5cCI6IkpXVCJ9.eyJpZCI6MzMsInJvbGUiOjEsImlhdCI6MTY0OTk0NjQ4NSwiZXhwIjoxNjQ5OTUwMDg1LCJpc3MiOiJXRUI0In0.kSJvT_4pW35mDZgRxDl7KCPqahr000mws72o65P7jt4',NULL),(135,'eyJhbGciOiJIUzI1NiIsInR5cCI6IkpXVCJ9.eyJpZCI6MzMsInJvbGUiOjEsImlhdCI6MTY0OTk0OTE0NCwiZXhwIjoxNjQ5OTUyNzQ0LCJpc3MiOiJXRUI0In0.G5lpJfx6IVUqwcQs8CmT6TpSLJCzTvZXzOiSNpaWeNk',NULL),(136,'eyJhbGciOiJIUzI1NiIsInR5cCI6IkpXVCJ9.eyJpZCI6MzMsInJvbGUiOjEsImlhdCI6MTY0OTk1NTMyMSwiZXhwIjoxNjQ5OTU4OTIxLCJpc3MiOiJXRUI0In0.K3HkQhMmyRFajru6uv3KjL6PVTI3kzuM0fphJj2fir8',NULL);
/*!40000 ALTER TABLE `blacklist_token` ENABLE KEYS */;
UNLOCK TABLES;

--
-- Table structure for table `payment_history`
--

DROP TABLE IF EXISTS `payment_history`;
/*!40101 SET @saved_cs_client     = @@character_set_client */;
/*!50503 SET character_set_client = utf8mb4 */;
CREATE TABLE `payment_history` (
  `id` int NOT NULL AUTO_INCREMENT,
  `user` varchar(45) DEFAULT NULL,
  `vehicle_name` varchar(45) DEFAULT NULL,
  `user_payment_id` int DEFAULT NULL,
  `vehicle_payment_id` int DEFAULT NULL,
  `total_payment` int DEFAULT NULL,
  `status` varchar(45) DEFAULT NULL,
  `destination` varchar(45) DEFAULT NULL,
  `rating` int DEFAULT NULL,
  `location` varchar(45) DEFAULT NULL,
  `start_date` datetime DEFAULT NULL,
  `end_date` datetime DEFAULT NULL,
  `prepayment` varchar(45) DEFAULT NULL,
  `booking_code` varchar(45) DEFAULT NULL,
  `payment_code` varchar(45) DEFAULT NULL,
  `qty` int DEFAULT NULL,
  PRIMARY KEY (`id`),
  KEY `user_idx_idx` (`user`),
  KEY `vehicle_idx_idx` (`vehicle_name`) /*!80000 INVISIBLE */,
  KEY `user_payment_id_idx` (`user_payment_id`),
  KEY `vehicle_payment_id_idx` (`vehicle_payment_id`) /*!80000 INVISIBLE */,
  CONSTRAINT `user_payment_id` FOREIGN KEY (`user_payment_id`) REFERENCES `users` (`id`) ON DELETE CASCADE ON UPDATE CASCADE,
  CONSTRAINT `vehicle_payment_id` FOREIGN KEY (`vehicle_payment_id`) REFERENCES `vehicles` (`id`) ON DELETE CASCADE ON UPDATE CASCADE
) ENGINE=InnoDB AUTO_INCREMENT=86 DEFAULT CHARSET=utf8mb4 COLLATE=utf8mb4_0900_ai_ci;
/*!40101 SET character_set_client = @saved_cs_client */;

--
-- Dumping data for table `payment_history`
--

LOCK TABLES `payment_history` WRITE;
/*!40000 ALTER TABLE `payment_history` DISABLE KEYS */;
INSERT INTO `payment_history` VALUES (55,'','klx',138,105,534000,NULL,'Jakarta',NULL,NULL,'2022-03-29 00:00:00',NULL,'Payment (No Tax)','Iv0Jrxc8Uh',NULL,NULL),(56,'','avanza',138,98,120000,NULL,'Jakarta',NULL,NULL,'2022-03-29 00:00:00',NULL,'Payment (No Tax)','1zLTgBPiLr',NULL,NULL),(57,'','klx',138,105,534000,NULL,'Jakarta',NULL,NULL,'2022-03-29 00:00:00',NULL,'Payment (No Tax)','O5M4iH6t6R',NULL,NULL),(58,'','klx',138,105,534000,NULL,'Jakarta',NULL,NULL,'2022-03-29 00:00:00',NULL,'Payment (No Tax)','WaLQS1Svm6',NULL,NULL),(59,'','avanza',138,98,120000,NULL,'Jakarta',NULL,NULL,'2022-03-29 00:00:00',NULL,'Payment (No Tax)','CtDlNsMyux',NULL,NULL),(60,'','zebra12',138,100,530000,NULL,'Jakarta',NULL,NULL,'2022-03-29 00:00:00',NULL,'Payment (No Tax)','8t0haXTf9c',NULL,NULL),(61,'owner','Jeep',33,100,820000,'return','Malang',5,'mountain','2021-03-02 00:00:00','2021-03-03 00:00:00','paymnet','sq2vqwqd',NULL,NULL),(62,'oki30','avanza',145,98,120000,NULL,'Jakarta',NULL,NULL,'2022-03-30 00:00:00',NULL,'Pay at the end (include tax)','VWhvy8TVIi',NULL,NULL),(63,'Owner test2','rubicorn',33,98,120000,'active','Jakarta',NULL,NULL,NULL,NULL,NULL,'dxxktxxdphonkxrpllif','RTNHUZDPTMPQWQZJBDDJ',1),(64,'Owner test2','xenia',33,100,530000,'Booked','Jakarta',NULL,NULL,NULL,NULL,NULL,'enqgyfxtvnnferdfqlaj','HHPPQKBWTJOQDRFMUUGD',1),(65,'Owner test2','mini',33,103,534000,'active','Jakarta',NULL,NULL,NULL,NULL,NULL,'ejpnginefcamjhwwjzop','PVDXTBSBEOCJTITJUAOL',1),(66,NULL,'klx',NULL,105,534000,'active','Jakarta',NULL,NULL,NULL,NULL,NULL,NULL,NULL,1),(67,NULL,'klx',NULL,105,534000,'active','Jakarta',NULL,NULL,NULL,NULL,NULL,NULL,NULL,1),(68,NULL,'klx',NULL,105,534000,'active','Jakarta',NULL,NULL,NULL,NULL,NULL,NULL,NULL,1),(69,NULL,'klx',NULL,105,534000,'active','Jakarta',NULL,NULL,NULL,NULL,NULL,NULL,NULL,1),(70,NULL,'xenia',NULL,100,530000,'Booked','Jakarta',NULL,NULL,NULL,NULL,NULL,NULL,NULL,1),(71,'customer','klx',53,105,534000,'active','Jakarta',NULL,NULL,NULL,NULL,NULL,'ifyuygmweiqwhnhdkpcb','AFYVQWGEATCYZMCLNQPN',1),(72,'customer','crf',53,106,534000,'active','Jakarta',NULL,NULL,NULL,NULL,NULL,'gcuopekbxeoopyxiupvf','SWIVCKRRNWZGVRKCEPEN',1),(73,'customer','klx',53,105,2670000,'active','Jakarta',NULL,NULL,'2022-04-14 00:00:00',NULL,NULL,'mbiebgrcrfegqdojzbvz','JHOXROGFHBZQMBRUOKFK',3),(74,'customer','jengki',53,102,2670000,'active','Jakarta',NULL,NULL,'2022-04-16 00:00:00',NULL,NULL,'oytqzdydwanqvwtniuzm','HDOOYEWPMJUHDUDQVCWC',3),(77,'customer','mini',53,103,3738000,'active','Jakarta',NULL,NULL,'2022-04-17 00:00:00',NULL,NULL,'mjnuuxnhwprxstugbrqe','DLKOTKDUKJSPNJMJIRPI',4),(78,'customer','jeep',53,97,246242,'Booked','Jakarta',NULL,NULL,'2022-04-14 00:00:00',NULL,NULL,'goopkrgjddltrlfuzpfp','XWJDWJJUBTIVTDIZNFOR',1),(81,'customer','jengki',53,102,1068000,'active','Jakarta',NULL,NULL,'2022-04-14 00:00:00',NULL,NULL,'mmszfkzwljkhrhbonqlo','FLRMPWZESQWFYFGTRSYK',1),(82,'customer','xenia',53,100,1060000,'Booked','Jakarta',NULL,NULL,'2022-04-14 00:00:00',NULL,NULL,'dtvujnxhdmqnxwwdcygg','FJTVWNMJMJJFQIVPXMCD',1),(83,'customer','xenia',53,100,1060000,'Booked','Jakarta',NULL,NULL,'2022-04-14 00:00:00',NULL,NULL,'rchcjjaqjhbpxmwrpsop','MAKUCQWJUVKCOLPGTCAO',1),(84,'customer','klx',53,105,1068000,'active','Jakarta',NULL,NULL,'2022-04-14 00:00:00',NULL,NULL,'wfrqkvmxtrqjojaayzmw','QEUANDYZWQUPDFZXMPPX',1),(85,'customer','rubicorn',53,98,240000,'active','Jakarta',NULL,NULL,'2022-04-14 00:00:00',NULL,NULL,'xbstgpmsljaaqsesgxvi','RSQYBKEPCCGAEAXAIMBF',1);
/*!40000 ALTER TABLE `payment_history` ENABLE KEYS */;
UNLOCK TABLES;

--
-- Table structure for table `user_role`
--

DROP TABLE IF EXISTS `user_role`;
/*!40101 SET @saved_cs_client     = @@character_set_client */;
/*!50503 SET character_set_client = utf8mb4 */;
CREATE TABLE `user_role` (
  `id` int NOT NULL AUTO_INCREMENT,
  `user_role` varchar(45) DEFAULT NULL,
  PRIMARY KEY (`id`)
) ENGINE=InnoDB AUTO_INCREMENT=4 DEFAULT CHARSET=utf8mb4 COLLATE=utf8mb4_0900_ai_ci;
/*!40101 SET character_set_client = @saved_cs_client */;

--
-- Dumping data for table `user_role`
--

LOCK TABLES `user_role` WRITE;
/*!40000 ALTER TABLE `user_role` DISABLE KEYS */;
INSERT INTO `user_role` VALUES (1,'admin'),(2,'client'),(3,'customer');
/*!40000 ALTER TABLE `user_role` ENABLE KEYS */;
UNLOCK TABLES;

--
-- Table structure for table `users`
--

DROP TABLE IF EXISTS `users`;
/*!40101 SET @saved_cs_client     = @@character_set_client */;
/*!50503 SET character_set_client = utf8mb4 */;
CREATE TABLE `users` (
  `id` int NOT NULL AUTO_INCREMENT,
  `name` varchar(45) DEFAULT NULL,
  `username` varchar(45) DEFAULT NULL,
  `email` varchar(45) NOT NULL,
  `password` varchar(255) DEFAULT NULL,
  `address` varchar(45) DEFAULT NULL,
  `mobile_number` varchar(45) DEFAULT NULL,
  `birthdate` datetime DEFAULT NULL,
  `gender` varchar(16) DEFAULT NULL,
  `role` int DEFAULT NULL,
  `image` varchar(255) DEFAULT NULL,
  `dob` datetime DEFAULT NULL,
  `otp` varchar(45) DEFAULT NULL,
  PRIMARY KEY (`id`),
  UNIQUE KEY `email_address_UNIQUE` (`email`),
  KEY `user_name` (`name`),
  KEY `user_role_idx_idx` (`role`),
  CONSTRAINT `user_role_idx` FOREIGN KEY (`role`) REFERENCES `user_role` (`id`) ON DELETE CASCADE ON UPDATE CASCADE
) ENGINE=InnoDB AUTO_INCREMENT=157 DEFAULT CHARSET=utf8mb4 COLLATE=utf8mb4_0900_ai_ci;
/*!40101 SET character_set_client = @saved_cs_client */;

--
-- Dumping data for table `users`
--

LOCK TABLES `users` WRITE;
/*!40000 ALTER TABLE `users` DISABLE KEYS */;
INSERT INTO `users` VALUES (33,'Owner test2',NULL,'owner@owner.com','$2b$10$NWPWCkvzCTLc0f5QtKgutO8F.20CUYleeGE0ORSZ2f2lW9dokVwfW',NULL,'null',NULL,'first',1,'image-1648480656681.jpg','2020-08-21 00:00:00',NULL),(53,'customer',NULL,'customer@gmail.com','$2b$10$5T.yVjXCoQSvlKv6hy75WOIlAXmqf8oeE6ftqcsslMZiSyGAa5Vj2','Jkarta','09121212',NULL,'second',2,'image-1647674371646.jpg','2020-08-21 00:00:00',NULL),(136,'testre1',NULL,'testre1','$2b$10$9Pj6hluJp.tuOuZvi2MvqOl.VVfxfVs6AzhqjJPEEJMztstFjmT2i',NULL,NULL,NULL,NULL,NULL,NULL,NULL,NULL),(137,'n123',NULL,'n@mail.com','$2b$10$lhApEZ1beWRaez/gupB7D..SSeY2LoUk7nEBUot0LpCBaLLtenSoi',NULL,NULL,NULL,NULL,NULL,NULL,NULL,NULL),(138,'','okiTestApi','','$2b$10$vSftncrN0c2NtSoNCTr1YOnRGaNNPgK8xlLJK9r0YtcalAvbcxWl6','','',NULL,NULL,NULL,'image-1648711795872.jpg','2020-08-21 00:00:00',NULL),(139,'Xa_2',NULL,'xa@mail.com','$2b$10$YPCkwXo85sIMRLsVw/M0b.rMXqVtw9v5nqQWWSQhBaXZokGsmyYYa',NULL,NULL,NULL,NULL,NULL,NULL,NULL,NULL),(140,'Www',NULL,'Q@q.com','$2b$10$FKgM4CDfkLzGmJgx3yHRzuUxE/23aLD.g5t9hidPk/FLsDYmymHSe',NULL,NULL,NULL,NULL,NULL,NULL,NULL,NULL),(141,'testforgot',NULL,'lipit48720@jo6s.com','$2b$10$wmOLTikzp.s9LN6vbyWYYOfLl3MWuiZI4FZ01meCapwqYSMkPzlvG',NULL,NULL,NULL,NULL,NULL,NULL,NULL,'188630'),(142,'zwllwt',NULL,'z@wal.com','$2b$10$hupuXRPD0c1NbLTZh.Maz.TdwGid7p068Tul76Km7yil1Ns1AQgdS',NULL,NULL,NULL,NULL,NULL,NULL,NULL,NULL),(143,'Ambi',NULL,'Ambi@mail.com','$2b$10$OdzGG5uAX3IdlrsI5DK.ouCgEaeIigsBr.6aBMTTY8Sy0bO/FJ9t6',NULL,NULL,NULL,NULL,NULL,NULL,NULL,NULL),(144,'oki30',NULL,'conil18919@f1xm.com','$2b$10$.DxEQ.VArS2YZCj5VKaB/eH8RNdtjGiuqRjdmJdXpdI8MKA7sMFwi','Semarang',NULL,NULL,NULL,NULL,'image-1648628067627.jpg',NULL,NULL),(145,'oki30',NULL,'detofe6881@jo6s.com','$2b$10$k0M56FsHkbmhQAWcV7LY3O1XVl4KR0U/a9U49BsebeU6SO3gi7Vzi',NULL,NULL,NULL,'second',NULL,'image-1648629584121.jpg','2020-08-21 00:00:00',NULL),(146,'oki22',NULL,'detofe6861@jo6s.com','$2b$10$yVaKVtyG18BZ8f5fagybqeRozo2eniaWrAAabM9QuHKvYLEt0g6ga',NULL,NULL,NULL,NULL,NULL,NULL,NULL,NULL),(147,'Oki',NULL,'testLod@mail.com','$2b$10$WH0PL/CdKRT94SPX33oD0Op69iuasbMuHiOWPCYgjKBkdeeW3qFk6',NULL,NULL,NULL,NULL,NULL,NULL,NULL,NULL),(148,'milkita',NULL,'milkita@mail.com','$2b$10$gsGEQeaZU9AbLWrn1FiLJOjJuZn57SZVfSxFIP.G3AdDxvc0QWPzS',NULL,NULL,NULL,NULL,2,NULL,NULL,NULL),(151,'Vario',NULL,'admin@gmail.com','$2b$10$h4Ptky2xTfRhsCZ/sPVN7OEDzC2NiKglNfD1TBcPQgNmn4tpOed7S',NULL,NULL,NULL,NULL,2,NULL,NULL,NULL);
/*!40000 ALTER TABLE `users` ENABLE KEYS */;
UNLOCK TABLES;

--
-- Table structure for table `vehicles`
--

DROP TABLE IF EXISTS `vehicles`;
/*!40101 SET @saved_cs_client     = @@character_set_client */;
/*!50503 SET character_set_client = utf8mb4 */;
CREATE TABLE `vehicles` (
  `id` int NOT NULL AUTO_INCREMENT,
  `user_id` int DEFAULT NULL,
  `name` varchar(45) DEFAULT NULL,
  `type` varchar(45) DEFAULT NULL,
  `brand` varchar(45) DEFAULT NULL,
  `price` int DEFAULT NULL,
  `capacity` int DEFAULT NULL,
  `qty` int DEFAULT NULL,
  `city` varchar(45) DEFAULT NULL,
  `status` varchar(45) DEFAULT NULL,
  `images` varchar(255) DEFAULT NULL,
  `location` varchar(45) DEFAULT NULL,
  `description` varchar(255) DEFAULT NULL,
  PRIMARY KEY (`id`),
  KEY `vehicle_idx` (`name`),
  KEY `user_id_idx` (`user_id`),
  CONSTRAINT `user` FOREIGN KEY (`user_id`) REFERENCES `users` (`id`) ON DELETE CASCADE ON UPDATE CASCADE
) ENGINE=InnoDB AUTO_INCREMENT=149 DEFAULT CHARSET=utf8mb4 COLLATE=utf8mb4_0900_ai_ci;
/*!40101 SET character_set_client = @saved_cs_client */;

--
-- Dumping data for table `vehicles`
--

LOCK TABLES `vehicles` WRITE;
/*!40000 ALTER TABLE `vehicles` DISABLE KEYS */;
INSERT INTO `vehicles` VALUES (97,NULL,'jeep','car','honda',123121,4,4,'Yogyakarta','Booked','[\"images-1652806887728.jpg\"]','Jakarta','that car'),(98,NULL,'rubicorn','car','honda',120000,10,3,'Malang','active','[\"images-1652806813928.jpg\"]','Jakarta','that car'),(100,NULL,'xenia','car','honda',530000,10,3,'Malang','Booked','[\"images-1649617031238.jpg\"]','Jakarta','that car'),(102,NULL,'jengki','bike','honda',78000,10,3,'Malang','active','[\"images-1652882110486.jpg\"]','Jakarta','this is car'),(103,NULL,'mini','bike','honda',534000,10,3,'Malang','active','[\"images-1649617092612.jpg\"]','Jakarta','this is car'),(104,NULL,'cross','motorbike','honda',534000,10,3,'Malang','active','[\"images-1649617116754.jpg\"]','Jakarta','this is car'),(105,NULL,'klx','motorbike','honda',534000,10,3,'Malang','active','[\"images-1649617132972.jpg\"]','Jakarta','this is car'),(106,NULL,'crf','motorbike','honda',534000,10,3,'Malang','active','[\"images-1652772917961.jpg\"]','Jakarta','this is car'),(141,33,'cross','bike','honda',130000,4,2,'Yogyakarta','active','[\"images-1652878313000.jpg\"]','Jakarta','this is bike'),(142,NULL,'bit',NULL,NULL,78000,NULL,4,NULL,NULL,'[\"images-1652880516093.jpg\"]',NULL,NULL),(143,NULL,'smash',NULL,NULL,120000,NULL,3,NULL,NULL,'[\"images-1652880615683.jpeg\"]',NULL,NULL),(144,NULL,'smash',NULL,NULL,120000,NULL,3,NULL,NULL,'[\"images-1652880631158.jpeg\"]',NULL,NULL),(146,NULL,'supra',NULL,NULL,125000,NULL,3,NULL,NULL,'[\"images-1652884331535.jpg\"]',NULL,NULL),(147,NULL,'mini car',NULL,NULL,78000,NULL,3,NULL,NULL,'[\"images-1652884433011.png\"]',NULL,NULL),(148,NULL,'jengki 2',NULL,NULL,12000,NULL,1,NULL,NULL,'[\"images-1652884494254.jpg\"]',NULL,NULL);
/*!40000 ALTER TABLE `vehicles` ENABLE KEYS */;
UNLOCK TABLES;
/*!40103 SET TIME_ZONE=@OLD_TIME_ZONE */;

/*!40101 SET SQL_MODE=@OLD_SQL_MODE */;
/*!40014 SET FOREIGN_KEY_CHECKS=@OLD_FOREIGN_KEY_CHECKS */;
/*!40014 SET UNIQUE_CHECKS=@OLD_UNIQUE_CHECKS */;
/*!40101 SET CHARACTER_SET_CLIENT=@OLD_CHARACTER_SET_CLIENT */;
/*!40101 SET CHARACTER_SET_RESULTS=@OLD_CHARACTER_SET_RESULTS */;
/*!40101 SET COLLATION_CONNECTION=@OLD_COLLATION_CONNECTION */;
/*!40111 SET SQL_NOTES=@OLD_SQL_NOTES */;

-- Dump completed on 2022-05-20  2:51:45
